{"cameraMode":{"drawMode":0,"name":"Shaded","section":"Shading Mode"},"sceneLighting":true,"audioPlay":false,"sceneViewState":{"m_AlwaysRefresh":false,"showFog":true,"showSkybox":true,"showFlares":true,"showImageEffects":true,"showParticleSystems":true,"showVisualEffectGraphs":true,"m_FxEnabled":true},"in2DMode":false,"pivot":{"x":21.883935928344728,"y":22.92786407470703,"z":55.09101867675781},"rotation":{"x":0.022590039297938348,"y":0.05269540846347809,"z":0.0021563053596764805,"w":-0.9985769391059876},"size":66.1520767211914,"orthographic":false}